{"tool": "batched_scorer", "scores": {"A3-C-0002||assumption||0||0": {"raw": 0.751220703125, "assert": true}, "A3-C-0002||assumption||0||1": {"raw": 0.50048828125, "assert": false}, "A3-C-0002||assumption||0||2": {"raw": 0.499755859375, "assert": false}, "A3-C-0002||assumption||1||0": {"raw": 0.75048828125, "assert": true}, "A3-C-0002||assumption||1||1": {"raw": 0.50048828125, "assert": false}, "A3-C-0002||assumption||1||2": {"raw": 0.499755859375, "assert": false}, "A3-C-0002||assumption||2||0": {"raw": 0.998046875, "assert": true}, "A3-C-0002||assumption||2||1": {"raw": 0.50048828125, "assert": false}, "A3-C-0002||assumption||2||2": {"raw": 0.499755859375, "assert": false}, "A3-C-0002||correction||0||0": {"raw": 0.4998779296875, "assert": false}, "A3-C-0002||correction||0||1": {"raw": 0.5, "assert": false}, "A3-C-0002||correction||0||2": {"raw": 0.500244140625, "assert": false}, "A3-C-0002||correction||1||0": {"raw": 0.499755859375, "assert": false}, "A3-C-0002||correction||1||1": {"raw": 0.499755859375, "assert": false}, "A3-C-0002||correction||1||2": {"raw": 0.4998779296875, "assert": false}, "A3-C-0002||correction||2||0": {"raw": 0.499755859375, "assert": false}, "A3-C-0002||correction||2||1": {"raw": 0.499755859375, "assert": false}, "A3-C-0002||correction||2||2": {"raw": 0.5001220703125, "assert": false}, "A3-C-0003||assumption||0||0": {"raw": 0.75, "assert": true}, "A3-C-0003||assumption||0||1": {"raw": 0.75048828125, "assert": true}, "A3-C-0003||assumption||0||2": {"raw": 0.739990234375, "assert": true}, "A3-C-0003||assumption||1||0": {"raw": 0.74853515625, "assert": true}, "A3-C-0003||assumption||1||1": {"raw": 0.750244140625, "assert": true}, "A3-C-0003||assumption||1||2": {"raw": 0.747314453125, "assert": true}, "A3-C-0003||assumption||2||0": {"raw": 0.947265625, "assert": true}, "A3-C-0003||assumption||2||1": {"raw": 0.96435546875, "assert": true}, "A3-C-0003||assumption||2||2": {"raw": 0.923828125, "assert": true}, "A3-C-0003||correction||0||0": {"raw": 0.5008544921875, "assert": false}, "A3-C-0003||correction||0||1": {"raw": 0.5001220703125, "assert": false}, "A3-C-0003||correction||0||2": {"raw": 0.504638671875, "assert": false}, "A3-C-0003||correction||1||0": {"raw": 0.5013427734375, "assert": false}, "A3-C-0003||correction||1||1": {"raw": 0.5006103515625, "assert": false}, "A3-C-0003||correction||1||2": {"raw": 0.515625, "assert": false}, "A3-C-0003||correction||2||0": {"raw": 0.5010986328125, "assert": false}, "A3-C-0003||correction||2||1": {"raw": 0.500732421875, "assert": false}, "A3-C-0003||correction||2||2": {"raw": 0.6448974609375, "assert": false}, "A3-C-0105||assumption||0||0": {"raw": 0.75048828125, "assert": true}, "A3-C-0105||assumption||0||1": {"raw": 0.752197265625, "assert": true}, "A3-C-0105||assumption||0||2": {"raw": 0.500244140625, "assert": false}, "A3-C-0105||assumption||0||3": {"raw": 0.500244140625, "assert": false}, "A3-C-0105||assumption||1||0": {"raw": 0.752197265625, "assert": true}, "A3-C-0105||assumption||1||1": {"raw": 0.75048828125, "assert": true}, "A3-C-0105||assumption||1||2": {"raw": 0.5, "assert": false}, "A3-C-0105||assumption||1||3": {"raw": 0.500244140625, "assert": false}, "A3-C-0105||assumption||2||0": {"raw": 0.750244140625, "assert": true}, "A3-C-0105||assumption||2||1": {"raw": 0.75048828125, "assert": true}, "A3-C-0105||assumption||2||2": {"raw": 0.5, "assert": false}, "A3-C-0105||assumption||2||3": {"raw": 0.50439453125, "assert": false}, "A3-C-0105||correction||0||0": {"raw": 0.499755859375, "assert": false}, "A3-C-0105||correction||0||1": {"raw": 0.50048828125, "assert": false}, "A3-C-0105||correction||0||2": {"raw": 0.5009765625, "assert": false}, "A3-C-0105||correction||0||3": {"raw": 0.734130859375, "assert": true}, "A3-C-0105||correction||1||0": {"raw": 0.4998779296875, "assert": false}, "A3-C-0105||correction||1||1": {"raw": 0.50048828125, "assert": false}, "A3-C-0105||correction||1||2": {"raw": 0.5009765625, "assert": false}, "A3-C-0105||correction||1||3": {"raw": 0.72802734375, "assert": true}, "A3-C-0105||correction||2||0": {"raw": 0.499755859375, "assert": false}, "A3-C-0105||correction||2||1": {"raw": 0.5, "assert": false}, "A3-C-0105||correction||2||2": {"raw": 0.5, "assert": false}, "A3-C-0105||correction||2||3": {"raw": 0.5, "assert": false}, "A3-C-0106||assumption||0||0": {"raw": 0.75, "assert": true}, "A3-C-0106||assumption||0||1": {"raw": 0.748779296875, "assert": true}, "A3-C-0106||assumption||0||2": {"raw": 0.4996337890625, "assert": false}, "A3-C-0106||assumption||0||3": {"raw": 0.4996337890625, "assert": false}, "A3-C-0106||assumption||1||0": {"raw": 0.750244140625, "assert": true}, "A3-C-0106||assumption||1||1": {"raw": 0.74951171875, "assert": true}, "A3-C-0106||assumption||1||2": {"raw": 0.499755859375, "assert": false}, "A3-C-0106||assumption||1||3": {"raw": 0.499755859375, "assert": false}, "A3-C-0106||assumption||2||0": {"raw": 0.75, "assert": true}, "A3-C-0106||assumption||2||1": {"raw": 0.748779296875, "assert": true}, "A3-C-0106||assumption||2||2": {"raw": 0.4996337890625, "assert": false}, "A3-C-0106||assumption||2||3": {"raw": 0.4996337890625, "assert": false}, "A3-C-0106||correction||0||0": {"raw": 0.4969482421875, "assert": false}, "A3-C-0106||correction||0||1": {"raw": 0.5003662109375, "assert": false}, "A3-C-0106||correction||0||2": {"raw": 0.5057373046875, "assert": false}, "A3-C-0106||correction||0||3": {"raw": 0.5147705078125, "assert": false}, "A3-C-0106||correction||1||0": {"raw": 0.4996337890625, "assert": false}, "A3-C-0106||correction||1||1": {"raw": 0.50146484375, "assert": false}, "A3-C-0106||correction||1||2": {"raw": 0.5040283203125, "assert": false}, "A3-C-0106||correction||1||3": {"raw": 0.5064697265625, "assert": false}, "A3-C-0106||correction||2||0": {"raw": 0.4996337890625, "assert": false}, "A3-C-0106||correction||2||1": {"raw": 0.499755859375, "assert": false}, "A3-C-0106||correction||2||2": {"raw": 0.500732421875, "assert": false}, "A3-C-0106||correction||2||3": {"raw": 0.503173828125, "assert": false}}, "meta": {"config_hash": "6dbe47a8e843ec1540f64ed6ddd8339c17b95688db363e31605502e374a8b9f0", "assert_threshold": 0.7, "device": "mps", "warn_only_needed": false, "strict_raised": false, "batch_size": 16, "fp16": false, "n_families": 4, "n_items": 84, "n_assert": 26, "pair_count": 1462, "n_draws": 3, "families_filter": null, "canonical_ordering": "pairs sorted by (family_id, state_rank[assumption=0,correction=1], draw, item_idx, source_idx, direction[0=(source,claim),1=(claim,source)]); chunked into fixed batch_size batches. Fixed composition => fixed fp reduction order => reproducible on same device/build. NOT the frozen per-call composition \u2014 equivalence is proven by batched_equiv.py, not assumed.", "numerics_source": "closure_harness/nli.py (scalar 113, softmax 110, indices 73-75, truncation 99-106, bidir 126, max-over-sources 127, empty->0 119)", "elapsed_s": 40.6, "forward_elapsed_s": 39.3, "pairs_per_s": 37.16}}