{
  "n_prompts": 30,
  "volume_overall": {
    "n": 30,
    "min": -138.15510557964274,
    "q1": -118.4436132666078,
    "median": -27.212943297802525,
    "q3": -15.577534248146783,
    "max": -13.806187408622385,
    "mean": -58.426859664784594,
    "std": 51.1616792268591
  },
  "volume_by_kind": {
    "factual": {
      "n": 6,
      "min": -138.15510557964274,
      "q1": -118.02140377298915,
      "median": -50.359494408560224,
      "q3": -23.537696960608812,
      "max": -14.54059439787584,
      "mean": -68.0978600278438,
      "std": 51.68554065886335
    },
    "math": {
      "n": 6,
      "min": -138.15510557964274,
      "q1": -87.73563782479062,
      "median": -52.00661404845873,
      "q3": -35.20359940492239,
      "max": -17.579024569905258,
      "mean": -64.83254419785172,
      "std": 41.25136665343603
    },
    "instruction": {
      "n": 6,
      "min": -138.15510557964274,
      "q1": -138.15510557964274,
      "median": -130.09605770431335,
      "q3": -122.03700982778489,
      "max": -107.66342358427559,
      "mean": -127.70045999659548,
      "std": 11.500224683386035
    },
    "ambiguous": {
      "n": 6,
      "min": -18.067734838066652,
      "q1": -17.270892269339114,
      "median": -16.082700079836844,
      "q3": -14.663441380634545,
      "max": -14.216158100054326,
      "mean": -16.051100762978052,
      "std": 1.4788830025370483
    },
    "creative": {
      "n": 6,
      "min": -19.529922763778554,
      "q1": -16.051056071776888,
      "median": -14.468397333407548,
      "q3": -14.013963989457485,
      "max": -13.806187408622385,
      "mean": -15.452333338653915,
      "std": 2.041293494593753
    }
  },
  "entropy_overall": {
    "n": 30,
    "min": 2.7398547786106064e-07,
    "q1": 3.072809886361938e-05,
    "median": 0.010646617971360683,
    "q3": 0.4681648090481758,
    "max": 2.3170506954193115,
    "mean": 0.3240381292228477,
    "std": 0.5088221442729949
  },
  "entropy_by_kind": {
    "factual": {
      "n": 6,
      "min": 1.7682773432170507e-06,
      "q1": 2.056514802006859e-05,
      "median": 9.892824527923949e-05,
      "q3": 0.00036614406053558923,
      "max": 0.012497873976826668,
      "mean": 0.0021911931432138467,
      "std": 0.0046117566607215745
    },
    "math": {
      "n": 6,
      "min": 2.7398547786106064e-07,
      "q1": 3.497746831726545e-05,
      "median": 0.0002950061643787194,
      "q3": 0.0016171900570043363,
      "max": 0.3653351664543152,
      "mean": 0.06132194533767669,
      "std": 0.13596061443201063
    },
    "instruction": {
      "n": 6,
      "min": 9.63682509791397e-07,
      "q1": 2.64888552692355e-06,
      "median": 1.1699264632625272e-05,
      "q3": 0.007966939032485243,
      "max": 0.010675888508558273,
      "mean": 0.0035530947390990755,
      "std": 0.0050159092974912944
    },
    "ambiguous": {
      "n": 6,
      "min": 0.20418405532836914,
      "q1": 0.26843152940273285,
      "median": 0.5228870362043381,
      "q3": 0.8720937669277191,
      "max": 0.964750349521637,
      "mean": 0.5644695858160654,
      "std": 0.3162671449055632
    },
    "creative": {
      "n": 6,
      "min": 0.39502260088920593,
      "q1": 0.5791567265987396,
      "median": 0.8453285396099091,
      "q3": 0.9904064834117889,
      "max": 2.3170506954193115,
      "mean": 0.9886548270781835,
      "std": 0.6333282782168076
    }
  },
  "continuation_length_overall": {
    "n": 300,
    "min": 3.0,
    "q1": 14.0,
    "median": 49.5,
    "q3": 118.5,
    "max": 256.0,
    "mean": 85.15666666666667,
    "std": 87.75784175154314
  },
  "continuation_length_by_kind": {
    "factual": {
      "n": 60,
      "min": 7.0,
      "q1": 8.0,
      "median": 49.5,
      "q3": 80.0,
      "max": 256.0,
      "mean": 72.9,
      "std": 82.27650535440438
    },
    "math": {
      "n": 60,
      "min": 10.0,
      "q1": 32.25,
      "median": 82.0,
      "q3": 118.0,
      "max": 233.0,
      "mean": 85.68333333333334,
      "std": 54.49235165496979
    },
    "instruction": {
      "n": 60,
      "min": 3.0,
      "q1": 4.0,
      "median": 12.0,
      "q3": 13.0,
      "max": 95.0,
      "mean": 10.616666666666667,
      "std": 11.83932946674862
    },
    "ambiguous": {
      "n": 60,
      "min": 30.0,
      "q1": 44.75,
      "median": 58.5,
      "q3": 75.0,
      "max": 256.0,
      "mean": 89.46666666666667,
      "std": 75.27072619698991
    },
    "creative": {
      "n": 60,
      "min": 16.0,
      "q1": 40.75,
      "median": 241.0,
      "q3": 256.0,
      "max": 256.0,
      "mean": 167.11666666666667,
      "std": 102.5659286616283
    }
  },
  "eos_hit_count_per_prompt": {
    "values": [
      10,
      10,
      10,
      10,
      10,
      5,
      10,
      10,
      10,
      10,
      10,
      10,
      10,
      10,
      10,
      10,
      10,
      10,
      3,
      10,
      10,
      10,
      10,
      10,
      10,
      8,
      4,
      10,
      0,
      0
    ],
    "total_over_all": 260
  },
  "vc": {
    "values": [
      100,
      99,
      99,
      100,
      99,
      99,
      100,
      100,
      100,
      100,
      100,
      100,
      100,
      100,
      100,
      100,
      100,
      100,
      85,
      85,
      70,
      85,
      95,
      95,
      100,
      100,
      100,
      85,
      85,
      85
    ],
    "present_count": 30,
    "missing_count": 0,
    "retried_count": 0,
    "parse_failed_first_count": 0,
    "present_dist": {
      "n": 30,
      "min": 70.0,
      "q1": 95.0,
      "median": 100.0,
      "q3": 100.0,
      "max": 100.0,
      "mean": 95.53333333333333,
      "std": 7.539820215952692
    },
    "histogram_bins_of_10": [
      [
        0,
        0
      ],
      [
        10,
        0
      ],
      [
        20,
        0
      ],
      [
        30,
        0
      ],
      [
        40,
        0
      ],
      [
        50,
        0
      ],
      [
        60,
        0
      ],
      [
        70,
        1
      ],
      [
        80,
        6
      ],
      [
        90,
        23
      ]
    ]
  },
  "wall_time_s": {
    "total_prompt_wall_sum": 1303.52374354098,
    "generation_wall_sum": 1150.8581531671807,
    "embed_wall_sum": 9.43968353793025,
    "vc_wall_sum": 134.71351783256978
  },
  "correlations_descriptive_not_a_test": {
    "volume_vs_entropy_spearman": {
      "rho": 0.8274770069916846,
      "p_value_descriptive_only": 1.7063553741300074e-08,
      "n": 30
    },
    "volume_vs_vc_spearman": {
      "rho": -0.5323803810579127,
      "p_value_descriptive_only": 0.0024584388774693436,
      "n": 30
    }
  }
}